first_name,last_name,email,gender
Efren,Kirkpatrick,ekirkpatrick0@sakura.ne.jp,Female
Farlay,Bendan,fbendan1@opensource.org,Non-binary
Shawnee,Gravy,sgravy2@amazon.co.uk,Female
Nicol,Ewen,newen3@squarespace.com,Female
Cleveland,Karpinski,ckarpinski4@virginia.edu,Female
Fraser,Suller,fsuller5@mozilla.org,Polygender
Flss,Remnant,fremnant6@youku.com,Polygender
Elston,Vann,evann7@wikia.com,Non-binary
Talya,Maris,tmaris8@techcrunch.com,Genderfluid
Cordie,Ambrose,cambrose9@altervista.org,Female
Annalee,Hemphill,ahemphilla@census.gov,Bigender
Mag,Peckham,mpeckhamb@google.it,Non-binary
Kary,Gallier,kgallierc@xrea.com,Bigender
Red,Ashplant,rashplantd@reddit.com,Agender
Daveen,Hammer,dhammere@oakley.com,Female
Saleem,Shawdforth,sshawdforthf@ibm.com,Male
Afton,Freebury,afreeburyg@yahoo.co.jp,Genderfluid
Bobby,Doddemeede,bdoddemeedeh@cbc.ca,Non-binary
Kally,Cahan,kcahani@mozilla.com,Bigender
Salomi,Addeycott,saddeycottj@w3.org,Genderfluid
Sherlock,Premble,spremblek@51.la,Polygender
Innis,Palethorpe,ipalethorpel@altervista.org,Female
Daune,Causnett,dcausnettm@shinystat.com,Polygender
Adah,Muckloe,amuckloen@dyndns.org,Genderqueer
Gerald,Sketchley,gsketchleyo@illinois.edu,Genderqueer
Elfrieda,Rudge,erudgep@tripadvisor.com,Agender
Phaidra,Gatley,pgatleyq@biblegateway.com,Genderqueer
Derrick,Dumbrill,ddumbrillr@shinystat.com,Polygender
Oren,Everex,oeverexs@csmonitor.com,Agender
Risa,Vardie,rvardiet@umn.edu,Genderqueer
Maurice,Cranmore,mcranmoreu@google.es,Non-binary
Kaila,Guyan,kguyanv@time.com,Agender
Karlene,Hanlin,khanlinw@nyu.edu,Bigender
Blaine,Ricardot,bricardotx@scientificamerican.com,Non-binary
Raquela,Chotty,rchottyy@nyu.edu,Genderfluid
Ker,Tregent,ktregentz@nifty.com,Genderfluid
Othella,Anthon,oanthon10@walmart.com,Agender
Celene,Yantsurev,cyantsurev11@gizmodo.com,Genderqueer
Helenka,Macrae,hmacrae12@booking.com,Female
Malva,Reiach,mreiach13@intel.com,Female
Waylon,Burnham,wburnham14@npr.org,Genderfluid
Ulrikaumeko,Oxherd,uoxherd15@soup.io,Male
Johnath,Blancowe,jblancowe16@t.co,Non-binary
Rois,Westmerland,rwestmerland17@nsw.gov.au,Female
Indira,Wasylkiewicz,iwasylkiewicz18@tinyurl.com,Bigender
Rosie,Natalie,rnatalie19@vkontakte.ru,Genderfluid
Nicolais,Maccree,nmaccree1a@upenn.edu,Non-binary
Charlot,Cuffley,ccuffley1b@nps.gov,Bigender
Galina,Mayte,gmayte1c@nationalgeographic.com,Genderfluid
Cyb,Manuel,cmanuel1d@hc360.com,Genderqueer
Marijo,Wackly,mwackly1e@dedecms.com,Polygender
Ruperto,Southerell,rsoutherell1f@wp.com,Genderfluid
Dall,Heimann,dheimann1g@yale.edu,Male
Mariele,Tuttiett,mtuttiett1h@examiner.com,Non-binary
Rose,Edler,redler1i@eventbrite.com,Genderqueer
Nancie,Roja,nroja1j@twitter.com,Female
Silvan,Jayes,sjayes1k@hc360.com,Genderqueer
Linell,Jerrand,ljerrand1l@sohu.com,Polygender
Alfons,Padson,apadson1m@amazon.co.uk,Genderqueer
Hannis,Greschik,hgreschik1n@icq.com,Polygender
Teddy,MacKnight,tmacknight1o@microsoft.com,Genderfluid
Asa,Lope,alope1p@ftc.gov,Genderqueer
Schuyler,Laight,slaight1q@google.co.uk,Genderfluid
Coralyn,Swiffen,cswiffen1r@archive.org,Genderqueer
Odo,Cahen,ocahen1s@mapy.cz,Genderqueer
Logan,Plowman,lplowman1t@state.gov,Male
Conni,Dare,cdare1u@mysql.com,Agender
Germana,Dooly,gdooly1v@csmonitor.com,Genderqueer
Mirabella,Gleader,mgleader1w@google.com,Non-binary
Michel,Barck,mbarck1x@skyrock.com,Genderqueer
Kinny,Slevin,kslevin1y@people.com.cn,Polygender
Dominik,Phipp,dphipp1z@comsenz.com,Female
Megan,Coils,mcoils20@constantcontact.com,Genderfluid
Melita,Emanuel,memanuel21@mashable.com,Female
Thebault,Tyrone,ttyrone22@cyberchimps.com,Male
Ardelia,Yakunin,ayakunin23@nifty.com,Non-binary
Guthrie,Nisby,gnisby24@booking.com,Genderfluid
Nell,Meecher,nmeecher25@desdev.cn,Bigender
Sax,Briatt,sbriatt26@desdev.cn,Male
Emiline,Pleming,epleming27@webeden.co.uk,Male
Valentin,Christy,vchristy28@nydailynews.com,Bigender
Cris,Baines,cbaines29@addthis.com,Female
Gerhardine,Russe,grusse2a@pcworld.com,Genderqueer
Dell,Heatly,dheatly2b@businessinsider.com,Agender
Tobye,Colt,tcolt2c@jimdo.com,Bigender
Beckie,Dudhill,bdudhill2d@cdbaby.com,Agender
Den,Longdon,dlongdon2e@ycombinator.com,Bigender
Gianni,Tarren,gtarren2f@tuttocitta.it,Polygender
Jocelin,Reily,jreily2g@pcworld.com,Male
Teodor,Sillett,tsillett2h@china.com.cn,Agender
Layton,McDowell,lmcdowell2i@discovery.com,Bigender
Cristie,Boissier,cboissier2j@ning.com,Genderqueer
Anetta,Hoxey,ahoxey2k@goodreads.com,Non-binary
Cammy,Findlater,cfindlater2l@sciencedaily.com,Genderfluid
Giacopo,Dulwich,gdulwich2m@virginia.edu,Female
Cyndie,Whysall,cwhysall2n@icq.com,Female
Ignazio,Herrema,iherrema2o@ebay.com,Male
Felipa,Bentley,fbentley2p@ox.ac.uk,Non-binary
Glennie,Verdie,gverdie2q@facebook.com,Polygender
Alden,Spinola,aspinola2r@businessweek.com,Female
Issiah,Vallow,ivallow2s@smugmug.com,Male
Sadie,Sushams,ssushams2t@whitehouse.gov,Agender
Theresa,Masterton,tmasterton2u@xrea.com,Bigender
Irma,McKennan,imckennan2v@intel.com,Male
Hugo,Dundendale,hdundendale2w@joomla.org,Genderfluid
Jacquenette,Quickfall,jquickfall2x@shutterfly.com,Female
Jaymie,Jochens,jjochens2y@amazonaws.com,Genderqueer
Ottilie,Bartolomeazzi,obartolomeazzi2z@imgur.com,Male
Orsola,Towse,otowse30@cmu.edu,Male
Charleen,Wilbor,cwilbor31@abc.net.au,Agender
Aeriell,Sleigh,asleigh32@yelp.com,Genderqueer
Logan,Shakeshaft,lshakeshaft33@earthlink.net,Polygender
Dael,Brentnall,dbrentnall34@tripod.com,Genderfluid
Alvin,Philippet,aphilippet35@umn.edu,Polygender
Helaina,Leddie,hleddie36@printfriendly.com,Female
Andras,Lucio,alucio37@uol.com.br,Female
Adolphus,Gonnely,agonnely38@shop-pro.jp,Non-binary
Karly,Showering,kshowering39@wufoo.com,Polygender
Xylina,Haslin,xhaslin3a@statcounter.com,Female
Eada,Prall,eprall3b@etsy.com,Male
Wandis,Kelberman,wkelberman3c@kickstarter.com,Polygender
Nolana,Bloodworthe,nbloodworthe3d@toplist.cz,Agender
Iggie,Garvagh,igarvagh3e@weebly.com,Polygender
Tami,Rasher,trasher3f@wix.com,Female
Kathlin,Phythean,kphythean3g@cam.ac.uk,Agender
Janeta,Kenrack,jkenrack3h@bbc.co.uk,Non-binary
Gilda,Riha,griha3i@weather.com,Bigender
Llywellyn,Bartosinski,lbartosinski3j@jimdo.com,Polygender
Pepe,Massinger,pmassinger3k@barnesandnoble.com,Genderqueer
Dew,Chatto,dchatto3l@census.gov,Agender
Lowell,Rex,lrex3m@ca.gov,Male
Rhys,Mouatt,rmouatt3n@google.co.jp,Male
Helga,Boultwood,hboultwood3o@photobucket.com,Female
Berget,Chastagnier,bchastagnier3p@live.com,Male
Aguistin,Lefeaver,alefeaver3q@behance.net,Genderqueer
Marven,Mila,mmila3r@telegraph.co.uk,Genderfluid
Kippie,Dran,kdran3s@barnesandnoble.com,Bigender
Gunner,Darville,gdarville3t@spotify.com,Genderqueer
Carissa,Lebell,clebell3u@china.com.cn,Male
Gabbie,Bulled,gbulled3v@bloomberg.com,Genderfluid
Vinny,oldey,voldey3w@tamu.edu,Female
Georgiana,Noden,gnoden3x@hp.com,Non-binary
Pegeen,Van Dijk,pvandijk3y@ebay.com,Genderfluid
Donall,Tigner,dtigner3z@indiatimes.com,Male
Giulio,Stratiff,gstratiff40@tinyurl.com,Polygender
Rachele,Tunn,rtunn41@ask.com,Polygender
Benedikta,Lyall,blyall42@columbia.edu,Agender
Cesar,McCorkell,cmccorkell43@moonfruit.com,Genderfluid
Hailey,Botterman,hbotterman44@lulu.com,Genderfluid
Laina,Fache,lfache45@newsvine.com,Bigender
Worden,Askam,waskam46@state.gov,Agender
Lionel,Kneeland,lkneeland47@creativecommons.org,Genderqueer
Abbey,Trubshawe,atrubshawe48@163.com,Non-binary
Madelina,Rees,mrees49@cyberchimps.com,Female
Jenine,Galero,jgalero4a@yale.edu,Agender
Bernarr,Wickett,bwickett4b@mysql.com,Female
Susi,Priestman,spriestman4c@youku.com,Genderfluid
Cherice,Dymick,cdymick4d@xrea.com,Bigender
Petronille,Vautin,pvautin4e@dmoz.org,Genderqueer
Emmett,Tofpik,etofpik4f@alibaba.com,Genderfluid
Jude,Biddlestone,jbiddlestone4g@networkadvertising.org,Genderfluid
Ashley,Ber,aber4h@dyndns.org,Genderqueer
Derk,Dubble,ddubble4i@ucoz.com,Bigender
Dale,Worshall,dworshall4j@epa.gov,Male
Pebrook,Mosdell,pmosdell4k@stumbleupon.com,Non-binary
Conrado,Figures,cfigures4l@qq.com,Genderfluid
Cindra,Brouard,cbrouard4m@japanpost.jp,Female
Amble,Didball,adidball4n@time.com,Bigender
Bryanty,Gori,bgori4o@yelp.com,Agender
Gerhardt,Connikie,gconnikie4p@fema.gov,Polygender
Reine,Kalderon,rkalderon4q@jigsy.com,Agender
Bernice,Colledge,bcolledge4r@dropbox.com,Genderqueer
Kai,McGillacoell,kmcgillacoell4s@dyndns.org,Male
Cassandre,Lytlle,clytlle4t@hibu.com,Genderqueer
Pearline,Manolov,pmanolov4u@cbsnews.com,Genderfluid
Rickard,Larvor,rlarvor4v@cam.ac.uk,Genderfluid
Belvia,Fargie,bfargie4w@themeforest.net,Agender
Stanton,Ney,sney4x@craigslist.org,Non-binary
Nicky,McLukie,nmclukie4y@microsoft.com,Genderqueer
Lesly,Rayson,lrayson4z@github.io,Polygender
Jilleen,O'Loughane,joloughane50@t-online.de,Genderfluid
Nevins,Spurdens,nspurdens51@wisc.edu,Female
Kira,Brunning,kbrunning52@webmd.com,Agender
Hobey,Clemens,hclemens53@simplemachines.org,Female
Angela,Fehner,afehner54@who.int,Bigender
Alana,Kubek,akubek55@ft.com,Non-binary
Trumann,Sydall,tsydall56@mtv.com,Female
Henrik,McBrearty,hmcbrearty57@state.gov,Genderfluid
Wesley,Lorryman,wlorryman58@unicef.org,Agender
Lion,Recke,lrecke59@princeton.edu,Genderqueer
Sammie,Terzo,sterzo5a@weibo.com,Genderqueer
Kerrin,Oda,koda5b@jimdo.com,Genderqueer
Normie,Buckoke,nbuckoke5c@elegantthemes.com,Female
Pepe,Beatson,pbeatson5d@utexas.edu,Bigender
Tedra,Habben,thabben5e@census.gov,Agender
Cristi,Feathers,cfeathers5f@intel.com,Female
Orella,Eadington,oeadington5g@yellowpages.com,Female
Hilliard,Ecclesall,hecclesall5h@cbslocal.com,Genderfluid
Laverna,Winterburn,lwinterburn5i@163.com,Female
Hershel,Grandison,hgrandison5j@xrea.com,Male
Dell,Smitheram,dsmitheram5k@latimes.com,Genderfluid
Tadd,Jiri,tjiri5l@dropbox.com,Genderqueer
Niven,Kingstne,nkingstne5m@go.com,Genderfluid
Tammie,Lowne,tlowne5n@wikispaces.com,Female
Dyana,Morcomb,dmorcomb5o@google.co.jp,Female
Martin,Ibotson,mibotson5p@dyndns.org,Male
Butch,Dudleston,bdudleston5q@imdb.com,Agender
Mitzi,O'Doghesty,modoghesty5r@de.vu,Male
Kit,Tetther,ktetther5s@ustream.tv,Non-binary
Leonora,Shoorbrooke,lshoorbrooke5t@tinypic.com,Male
Dionis,Jackways,djackways5u@uiuc.edu,Genderqueer
Glynn,Fountaine,gfountaine5v@csmonitor.com,Male
Clotilda,Mussett,cmussett5w@istockphoto.com,Genderfluid
Tyrone,Murt,tmurt5x@wix.com,Genderqueer
Carolann,Thurlby,cthurlby5y@discovery.com,Polygender
Gordie,Tremontana,gtremontana5z@spiegel.de,Polygender
Paton,Rollett,prollett60@fda.gov,Bigender
Danyette,Ratazzi,dratazzi61@google.ru,Male
Dreddy,Canedo,dcanedo62@liveinternet.ru,Genderfluid
Jobi,Roebottom,jroebottom63@bloomberg.com,Male
Marlyn,Peskett,mpeskett64@apache.org,Genderqueer
Der,Riediger,driediger65@clickbank.net,Polygender
Caesar,Riglesford,criglesford66@163.com,Non-binary
Gerhard,McIlwaine,gmcilwaine67@wsj.com,Non-binary
Worth,Bessell,wbessell68@imgur.com,Genderqueer
Aviva,Mcwhinnie,amcwhinnie69@japanpost.jp,Female
Les,Bossom,lbossom6a@eventbrite.com,Polygender
Gay,McElvine,gmcelvine6b@is.gd,Non-binary
Hali,Levett,hlevett6c@ucoz.ru,Agender
Amby,Thuillier,athuillier6d@shutterfly.com,Agender
Uri,Birckmann,ubirckmann6e@hexun.com,Male
Katee,Kendall,kkendall6f@nba.com,Genderfluid
Hattie,McDowell,hmcdowell6g@etsy.com,Non-binary
Boony,Gilbart,bgilbart6h@indiegogo.com,Genderfluid
Terry,Bleasby,tbleasby6i@vinaora.com,Genderqueer
Rosaleen,Devlin,rdevlin6j@mashable.com,Polygender
Victoir,Djurevic,vdjurevic6k@statcounter.com,Genderfluid
Athena,Tassell,atassell6l@com.com,Bigender
Rustin,Bittlestone,rbittlestone6m@indiegogo.com,Polygender
Angela,Sprade,asprade6n@g.co,Agender
Frederick,Jory,fjory6o@nhs.uk,Bigender
Peg,Longmuir,plongmuir6p@deliciousdays.com,Polygender
Esma,Halfacree,ehalfacree6q@wix.com,Female
Georgeta,Pasek,gpasek6r@cisco.com,Agender
Dilly,Sauvain,dsauvain6s@clickbank.net,Male
Ludovika,Korbmaker,lkorbmaker6t@cnet.com,Male
Estevan,Wormell,ewormell6u@trellian.com,Bigender
Lenci,Skittrall,lskittrall6v@army.mil,Female
Martin,Hegges,mhegges6w@un.org,Agender
Jason,Furmston,jfurmston6x@example.com,Genderqueer
Liv,Lemanu,llemanu6y@networksolutions.com,Genderqueer
Caritta,Kimbley,ckimbley6z@lulu.com,Non-binary
Tandie,Kalinke,tkalinke70@furl.net,Non-binary
Evita,Bellson,ebellson71@lulu.com,Bigender
Vikky,Jeanon,vjeanon72@blogger.com,Agender
Hugh,MacConchie,hmacconchie73@archive.org,Female
Isadore,Tuson,ituson74@narod.ru,Non-binary
Mayne,Bruin,mbruin75@squarespace.com,Genderfluid
Gonzales,Hayer,ghayer76@guardian.co.uk,Polygender
Emmerich,Pepper,epepper77@vimeo.com,Genderfluid
Olivie,Fidler,ofidler78@timesonline.co.uk,Agender
Pam,Hague,phague79@wordpress.com,Polygender
Lawry,Fayers,lfayers7a@angelfire.com,Non-binary
Kris,Shapter,kshapter7b@php.net,Genderqueer
Virgilio,Drache,vdrache7c@joomla.org,Genderqueer
Lorenzo,MacCurlye,lmaccurlye7d@wunderground.com,Female
Carver,Pimlott,cpimlott7e@usatoday.com,Male
Annmaria,Pallant,apallant7f@sourceforge.net,Genderfluid
Creigh,Grattan,cgrattan7g@vinaora.com,Non-binary
Druci,Basketter,dbasketter7h@icq.com,Polygender
Adelind,Feehily,afeehily7i@sfgate.com,Agender
Beryl,Dunkersley,bdunkersley7j@wsj.com,Male
Nancie,Pleat,npleat7k@vkontakte.ru,Agender
Freddie,Ibbotson,fibbotson7l@eventbrite.com,Bigender
Alli,Lasseter,alasseter7m@blogger.com,Polygender
Zilvia,Somes,zsomes7n@canalblog.com,Agender
Tiebold,Le Teve,tleteve7o@ycombinator.com,Male
Hallie,Thomerson,hthomerson7p@usatoday.com,Agender
Karl,Gatchel,kgatchel7q@e-recht24.de,Polygender
Toinette,McNamara,tmcnamara7r@thetimes.co.uk,Agender
Michal,Simonnet,msimonnet7s@yahoo.com,Agender
Malinda,Attryde,mattryde7t@devhub.com,Polygender
Rycca,Halcro,rhalcro7u@squidoo.com,Non-binary
Meryl,Huortic,mhuortic7v@chronoengine.com,Male
Raquela,Guisby,rguisby7w@dedecms.com,Female
Parrnell,Duiged,pduiged7x@gravatar.com,Agender
Libby,Tittletross,ltittletross7y@vk.com,Genderfluid
Jami,Raulstone,jraulstone7z@facebook.com,Polygender
Gerianna,Leonardi,gleonardi80@mapquest.com,Bigender
Mommy,Bulloch,mbulloch81@harvard.edu,Bigender
Storm,Janoschek,sjanoschek82@ezinearticles.com,Genderfluid
Sayers,Toope,stoope83@csmonitor.com,Non-binary
Teddie,Heckney,theckney84@rambler.ru,Agender
Vikki,Jacklings,vjacklings85@mit.edu,Female
Kimberly,Tessyman,ktessyman86@opensource.org,Male
La verne,Vant,lvant87@huffingtonpost.com,Bigender
Misha,Nunns,mnunns88@parallels.com,Polygender
Tybalt,Gallear,tgallear89@utexas.edu,Genderqueer
Letti,Barratt,lbarratt8a@chronoengine.com,Polygender
Nappy,Conningham,nconningham8b@gizmodo.com,Polygender
Erina,Sellers,esellers8c@mozilla.com,Female
Domenic,Elstone,delstone8d@wired.com,Genderqueer
Jorry,Pybus,jpybus8e@wordpress.com,Agender
Will,Brettle,wbrettle8f@npr.org,Non-binary
Libbie,Gittings,lgittings8g@yahoo.com,Female
Avie,Bagehot,abagehot8h@virginia.edu,Non-binary
Kelli,Stirman,kstirman8i@samsung.com,Agender
Herc,Costall,hcostall8j@techcrunch.com,Genderqueer
Preston,Rideout,prideout8k@mozilla.com,Genderqueer
Westleigh,Grafton,wgrafton8l@yelp.com,Agender
Gaultiero,Millthorpe,gmillthorpe8m@domainmarket.com,Male
Gretchen,McClancy,gmcclancy8n@usnews.com,Genderqueer
Margeaux,Giraudoux,mgiraudoux8o@ezinearticles.com,Genderfluid
Zsazsa,Duprey,zduprey8p@abc.net.au,Agender
Lanita,Treweke,ltreweke8q@psu.edu,Agender
Callie,Riglar,criglar8r@mtv.com,Agender
Herold,Jerger,hjerger8s@utexas.edu,Agender
Durand,Grinov,dgrinov8t@princeton.edu,Polygender
Kate,Rappoport,krappoport8u@oaic.gov.au,Genderfluid
Brew,Vuitte,bvuitte8v@liveinternet.ru,Female
Patricia,Kilbourne,pkilbourne8w@pbs.org,Agender
Fawnia,Attwool,fattwool8x@tamu.edu,Polygender
Greg,Propper,gpropper8y@live.com,Agender
Yvette,Porteous,yporteous8z@geocities.com,Non-binary
Stanwood,Welsh,swelsh90@nationalgeographic.com,Genderfluid
Waverly,Ochiltree,wochiltree91@webmd.com,Female
Fernandina,Hynson,fhynson92@vk.com,Bigender
Ethe,MacQuarrie,emacquarrie93@cmu.edu,Genderqueer
Robert,Sandbach,rsandbach94@prnewswire.com,Non-binary
Lynnett,Rumble,lrumble95@indiatimes.com,Genderfluid
Kakalina,Grindlay,kgrindlay96@xrea.com,Non-binary
Lotty,Bernot,lbernot97@tripod.com,Non-binary
Blinni,Sunners,bsunners98@miibeian.gov.cn,Genderfluid
Nona,Sigge,nsigge99@npr.org,Non-binary
Linnell,Roggers,lroggers9a@deviantart.com,Male
Cindy,Brigman,cbrigman9b@tmall.com,Male
Brooke,Kelk,bkelk9c@smh.com.au,Male
Morgan,Blaasch,mblaasch9d@sciencedirect.com,Bigender
Shelba,Dockwra,sdockwra9e@scientificamerican.com,Genderfluid
Roseline,Godden,rgodden9f@godaddy.com,Male
Stevena,Squirrell,ssquirrell9g@parallels.com,Male
Luci,Zorzutti,lzorzutti9h@tmall.com,Genderfluid
Susan,Whates,swhates9i@webs.com,Male
Loise,Alesio,lalesio9j@weather.com,Agender
Ellsworth,Pincott,epincott9k@shop-pro.jp,Genderqueer
Celle,Kelling,ckelling9l@creativecommons.org,Male
Cortie,Opdenort,copdenort9m@npr.org,Non-binary
Lucine,Spring,lspring9n@google.com.br,Bigender
Jaquenette,Dusting,jdusting9o@ebay.co.uk,Female
Antoine,Flemming,aflemming9p@sphinn.com,Female
Herbert,Seargeant,hseargeant9q@usnews.com,Genderfluid
Courtney,Dinis,cdinis9r@timesonline.co.uk,Agender
Caspar,Mascall,cmascall9s@miibeian.gov.cn,Female
Arluene,Meert,ameert9t@scientificamerican.com,Genderfluid
Spense,Lukehurst,slukehurst9u@abc.net.au,Polygender
Casandra,Vanns,cvanns9v@blogspot.com,Female
Raymund,Godlonton,rgodlonton9w@narod.ru,Bigender
Rafaela,Cluderay,rcluderay9x@quantcast.com,Male
Martelle,Statersfield,mstatersfield9y@multiply.com,Bigender
Shana,Sprasen,ssprasen9z@oakley.com,Genderfluid
Robbyn,Weiner,rweinera0@xing.com,Polygender
Zeke,Ambrodi,zambrodia1@naver.com,Polygender
Bennie,Kumar,bkumara2@ucoz.ru,Genderfluid
Wenonah,Mott,wmotta3@wired.com,Bigender
Margarethe,Varah,mvaraha4@bluehost.com,Female
Corbet,Stanfield,cstanfielda5@state.tx.us,Polygender
Matthew,Kinnear,mkinneara6@foxnews.com,Polygender
Jolie,Kaubisch,jkaubischa7@goodreads.com,Agender
Micaela,McHan,mmchana8@irs.gov,Genderfluid
Kimbra,Keenleyside,kkeenleysidea9@squidoo.com,Agender
Laney,Normanvell,lnormanvellaa@google.nl,Polygender
Ludvig,Devonside,ldevonsideab@friendfeed.com,Genderqueer
Andrus,Francesch,afranceschac@forbes.com,Agender
Camella,Tackley,ctackleyad@globo.com,Polygender
Tonya,Sherborne,tsherborneae@bluehost.com,Male
Hill,Detheridge,hdetheridgeaf@unblog.fr,Bigender
Fina,Gillebert,fgillebertag@ocn.ne.jp,Bigender
Davon,English,denglishah@aol.com,Bigender
Kerry,Teenan,kteenanai@epa.gov,Bigender
Kristin,Pavey,kpaveyaj@barnesandnoble.com,Genderqueer
Harriett,Gaspar,hgasparak@house.gov,Genderfluid
Roby,Whyke,rwhykeal@de.vu,Male
Uta,Linny,ulinnyam@census.gov,Genderqueer
Garrot,Denney,gdenneyan@quantcast.com,Genderfluid
Rori,Canon,rcanonao@auda.org.au,Bigender
Gypsy,Nayshe,gnaysheap@utexas.edu,Bigender
Carine,Cammiemile,ccammiemileaq@independent.co.uk,Genderqueer
Ferdy,Chainey,fchaineyar@studiopress.com,Bigender
Victoir,Jacop,vjacopas@tumblr.com,Female
Adoree,Lauderdale,alauderdaleat@miitbeian.gov.cn,Agender
Emelda,Sines,esinesau@oracle.com,Polygender
Lauren,Evers,leversav@youtube.com,Bigender
Gery,Garrand,ggarrandaw@cyberchimps.com,Genderfluid
Mary,Ugoni,mugoniax@nbcnews.com,Bigender
Hazel,Colrein,hcolreinay@sciencedaily.com,Polygender
Bev,Habbijam,bhabbijamaz@usa.gov,Polygender
Emmet,Farfalameev,efarfalameevb0@wisc.edu,Bigender
Griffy,Fibbens,gfibbensb1@wikipedia.org,Bigender
Prescott,Penketh,ppenkethb2@spiegel.de,Polygender
Marin,Keoghan,mkeoghanb3@vinaora.com,Female
Bess,Gallienne,bgallienneb4@com.com,Genderfluid
Nerissa,Doreward,ndorewardb5@networkadvertising.org,Genderfluid
Nerte,Gonzalo,ngonzalob6@npr.org,Male
Olag,Romke,oromkeb7@sourceforge.net,Male
Melisande,Gernier,mgernierb8@ed.gov,Male
Jannelle,Trower,jtrowerb9@sohu.com,Agender
Imelda,Greenstead,igreensteadba@photobucket.com,Female
Rockie,Lethby,rlethbybb@multiply.com,Genderqueer
Lazare,Folger,lfolgerbc@wp.com,Genderfluid
Phyllida,Tiery,ptierybd@chronoengine.com,Polygender
Mahala,Cuttings,mcuttingsbe@paginegialle.it,Genderfluid
Arleen,Harrowsmith,aharrowsmithbf@buzzfeed.com,Agender
Randa,Oliphand,roliphandbg@cloudflare.com,Non-binary
Ludvig,Channer,lchannerbh@fema.gov,Non-binary
Antons,Grent,agrentbi@statcounter.com,Polygender
Thomasina,Toffano,ttoffanobj@home.pl,Male
Mischa,Bear,mbearbk@photobucket.com,Bigender
Cam,Spreckley,cspreckleybl@skype.com,Genderqueer
Leesa,Voak,lvoakbm@mtv.com,Polygender
Betta,Besnardeau,bbesnardeaubn@apple.com,Polygender
Bink,Balcombe,bbalcombebo@yellowpages.com,Non-binary
Holly-anne,Wenderott,hwenderottbp@altervista.org,Male
Quintin,Becconsall,qbecconsallbq@wordpress.com,Genderqueer
Ora,McGall,omcgallbr@google.cn,Non-binary
Wilt,Addeycott,waddeycottbs@canalblog.com,Genderqueer
Ludwig,Stegers,lstegersbt@umn.edu,Polygender
Morna,Kepe,mkepebu@uiuc.edu,Polygender
Keenan,Greiswood,kgreiswoodbv@homestead.com,Bigender
Gradey,Lorincz,glorinczbw@yahoo.com,Bigender
Chuck,Maidens,cmaidensbx@weather.com,Agender
Alexandros,Eldritt,aeldrittby@storify.com,Non-binary
Arden,Hazart,ahazartbz@nbcnews.com,Bigender
Pinchas,Badsworth,pbadsworthc0@purevolume.com,Genderqueer
Terrijo,Coltan,tcoltanc1@tinypic.com,Polygender
Andre,Rottgers,arottgersc2@tmall.com,Agender
Hurlee,Taplin,htaplinc3@hexun.com,Female
Christophe,Dunleavy,cdunleavyc4@senate.gov,Polygender
Marcello,Benech,mbenechc5@shinystat.com,Agender
Carmencita,Bright,cbrightc6@creativecommons.org,Non-binary
Marcelo,Start,mstartc7@pinterest.com,Male
Cull,Whitelock,cwhitelockc8@census.gov,Male
King,Cluney,kcluneyc9@ucoz.com,Polygender
Gauthier,Arnett,garnettca@rakuten.co.jp,Female
Ailis,Tocqueville,atocquevillecb@flavors.me,Polygender
Kiri,Barden,kbardencc@jigsy.com,Male
Anabel,Evitts,aevittscd@webnode.com,Genderqueer
Sergeant,Kee,skeece@theatlantic.com,Female
Jarret,Nystrom,jnystromcf@state.gov,Agender
Aleksandr,Vlasenkov,avlasenkovcg@fastcompany.com,Bigender
Christen,Macak,cmacakch@usatoday.com,Polygender
Eward,Carnihan,ecarnihanci@mtv.com,Non-binary
Melvin,Ellsom,mellsomcj@desdev.cn,Genderfluid
Suzy,Barense,sbarenseck@wikispaces.com,Polygender
Reinwald,Surplice,rsurplicecl@un.org,Genderqueer
Bruce,Slot,bslotcm@tmall.com,Female
Katie,Illing,killingcn@hibu.com,Genderfluid
Leodora,Marner,lmarnerco@paypal.com,Bigender
Roana,Megahey,rmegaheycp@umn.edu,Genderfluid
Mattie,Parlor,mparlorcq@gravatar.com,Polygender
Juan,Mabey,jmabeycr@narod.ru,Male
Monica,Crocker,mcrockercs@wufoo.com,Agender
Latisha,Schruyers,lschruyersct@plala.or.jp,Female
Kerri,Chaise,kchaisecu@weibo.com,Non-binary
Rosana,Bolf,rbolfcv@taobao.com,Genderfluid
Paddy,Goldsby,pgoldsbycw@unicef.org,Female
Zaneta,Olenov,zolenovcx@cbslocal.com,Male
Lexi,Themann,lthemanncy@ucsd.edu,Non-binary
Bern,Purkis,bpurkiscz@so-net.ne.jp,Non-binary
Olivia,Ovendale,oovendaled0@wordpress.com,Non-binary
Conni,Royle,croyled1@sphinn.com,Genderfluid
Fredric,Neville,fnevilled2@sphinn.com,Genderqueer
Tyson,Mation,tmationd3@soup.io,Bigender
Melitta,Kiljan,mkiljand4@blogtalkradio.com,Male
Neysa,Manson,nmansond5@vinaora.com,Non-binary
Quintin,Pollicatt,qpollicattd6@mlb.com,Non-binary
Whittaker,Kelcey,wkelceyd7@sohu.com,Bigender
Irena,Cassell,icasselld8@behance.net,Agender
Patsy,Litel,pliteld9@php.net,Male
Jule,Wildgoose,jwildgooseda@intel.com,Non-binary
Bruce,Andrus,bandrusdb@uol.com.br,Non-binary
Thain,Routhorn,trouthorndc@mozilla.org,Polygender
Alejoa,Dumbar,adumbardd@umn.edu,Agender
Connie,Niemiec,cniemiecde@cmu.edu,Agender
Anna-diane,MacIlurick,amacilurickdf@thetimes.co.uk,Agender
Dayna,Gai,dgaidg@acquirethisname.com,Bigender
Elicia,Hallad,ehalladdh@t-online.de,Female
Wayland,Berthelet,wbertheletdi@youtube.com,Agender
Tyson,Crisp,tcrispdj@soup.io,Agender
Kamila,Ellingford,kellingforddk@tinypic.com,Non-binary
Diana,Van der Baaren,dvanderbaarendl@creativecommons.org,Male
Clayborne,McCorley,cmccorleydm@dailymotion.com,Agender
Madeleine,Bampkin,mbampkindn@dailymotion.com,Genderqueer
Ricky,Brackley,rbrackleydo@rakuten.co.jp,Non-binary
Lilllie,Giacomucci,lgiacomuccidp@ucla.edu,Male
Wallis,Gipson,wgipsondq@upenn.edu,Polygender
Shelton,Hunsworth,shunsworthdr@godaddy.com,Bigender
Ana,Nuttall,anuttallds@ezinearticles.com,Bigender
Bess,Spitaro,bspitarodt@cbc.ca,Female
Bary,Broinlich,bbroinlichdu@sourceforge.net,Bigender
Phyllis,Savatier,psavatierdv@netlog.com,Genderfluid
Hilario,Garlick,hgarlickdw@bing.com,Genderqueer
Gertie,Glavin,gglavindx@usgs.gov,Genderfluid
Warner,Kitto,wkittody@nyu.edu,Female
Kalindi,Boraston,kborastondz@t.co,Female
Paddie,Pandie,ppandiee0@zimbio.com,Bigender
Hetti,Smallshaw,hsmallshawe1@quantcast.com,Male
Gerta,Jeckell,gjeckelle2@timesonline.co.uk,Agender
Electra,Gethings,egethingse3@google.fr,Genderfluid
Daffie,Flohard,dfloharde4@i2i.jp,Genderfluid
Rudiger,Thies,rthiese5@plala.or.jp,Bigender
Geordie,Libby,glibbye6@vinaora.com,Genderqueer
Thomasa,Clougher,tcloughere7@linkedin.com,Non-binary
Bo,Bridgwater,bbridgwatere8@soup.io,Bigender
Cesaro,Bennedsen,cbennedsene9@addthis.com,Bigender
Doretta,Pracy,dpracyea@plala.or.jp,Agender
Odie,Kingerby,okingerbyeb@issuu.com,Agender
Sigfrid,Kellart,skellartec@amazonaws.com,Bigender
Asia,Such,asuched@deviantart.com,Agender
Korella,Berrygun,kberrygunee@spiegel.de,Female
Florance,Verrick,fverrickef@fda.gov,Male
Silas,Abry,sabryeg@bloomberg.com,Female
Ibrahim,McDermott-Row,imcdermottroweh@ftc.gov,Female
Morgana,Heliar,mheliarei@prweb.com,Male
Revkah,Gaunson,rgaunsonej@parallels.com,Genderqueer
Eilis,Littefair,elittefairek@opera.com,Bigender
Kara,Seekings,kseekingsel@home.pl,Male
Zondra,Hirsch,zhirschem@china.com.cn,Genderfluid
Charlie,Pullen,cpullenen@rakuten.co.jp,Agender
Marta,Petras,mpetraseo@merriam-webster.com,Male
Ariela,Coase,acoaseep@tmall.com,Polygender
Bernita,Buse,bbuseeq@ft.com,Male
Audie,Durram,adurramer@phpbb.com,Bigender
Keri,Standell,kstandelles@globo.com,Genderfluid
Neill,McCall,nmccallet@princeton.edu,Genderfluid
Giselbert,Pesic,gpesiceu@fema.gov,Non-binary
Augustus,Relton,areltonev@xrea.com,Male
Camala,Batter,cbatterew@naver.com,Non-binary
Delia,Cudde,dcuddeex@narod.ru,Non-binary
Burnard,Giveen,bgiveeney@livejournal.com,Male
Mariellen,Chritchley,mchritchleyez@tumblr.com,Genderqueer
Kaine,Halls,khallsf0@e-recht24.de,Non-binary
Dita,McGlynn,dmcglynnf1@theguardian.com,Genderfluid
Dylan,Pinnock,dpinnockf2@vinaora.com,Bigender
Bertrand,Adicot,badicotf3@youtu.be,Agender
Albina,Leethem,aleethemf4@salon.com,Agender
Willi,Craddock,wcraddockf5@cdc.gov,Non-binary
Carmencita,Capenor,ccapenorf6@is.gd,Genderfluid
Efrem,McReynolds,emcreynoldsf7@4shared.com,Bigender
Isa,Ellit,iellitf8@imageshack.us,Agender
Fifine,Eldered,felderedf9@geocities.jp,Genderfluid
Emmett,Dugood,edugoodfa@google.es,Male
Margarita,Derr,mderrfb@wp.com,Bigender
Eden,Doncom,edoncomfc@epa.gov,Bigender
Jamison,Birdis,jbirdisfd@discovery.com,Non-binary
Catie,Haygreen,chaygreenfe@gravatar.com,Female
Leesa,Idwal Evans,lidwalevansff@weibo.com,Polygender
Ermentrude,Overland,eoverlandfg@bizjournals.com,Male
Luelle,Angeli,langelifh@qq.com,Male
Benedict,Gimber,bgimberfi@google.co.uk,Polygender
Deeyn,Von Der Empten,dvonderemptenfj@vinaora.com,Agender
Bibby,Deeming,bdeemingfk@dyndns.org,Genderqueer
Terza,Lovie,tloviefl@youku.com,Genderfluid
Mickey,Brittain,mbrittainfm@altervista.org,Agender
Nicolina,Gresswell,ngresswellfn@census.gov,Genderqueer
Golda,Ricciardello,gricciardellofo@dedecms.com,Genderqueer
Nona,Kirtland,nkirtlandfp@jiathis.com,Genderqueer
Lucila,Digweed,ldigweedfq@phpbb.com,Male
Allen,Enterlein,aenterleinfr@blogspot.com,Female
Joni,Osboldstone,josboldstonefs@blogtalkradio.com,Genderfluid
Elayne,Pavel,epavelft@chronoengine.com,Male
Dalia,Ailward,dailwardfu@hubpages.com,Agender
Sonny,Mathers,smathersfv@zdnet.com,Bigender
Ethelin,Blazdell,eblazdellfw@netlog.com,Genderfluid
Miltie,Rupprecht,mrupprechtfx@wordpress.org,Agender
Galven,Faldo,gfaldofy@instagram.com,Polygender
Rubi,Greenacre,rgreenacrefz@google.com.hk,Genderfluid
Marshall,Libri,mlibrig0@nature.com,Polygender
Raf,Trapp,rtrappg1@wired.com,Bigender
Betsey,Acres,bacresg2@google.fr,Polygender
Sly,Astlet,sastletg3@ft.com,Non-binary
Bobbee,Ghilardini,bghilardinig4@csmonitor.com,Genderfluid
Farrah,Brecken,fbreckeng5@deliciousdays.com,Female
Morganne,Huddart,mhuddartg6@un.org,Male
Barrie,Sandlin,bsandling7@woothemes.com,Genderqueer
Lyndel,Ugolini,lugolinig8@ted.com,Female
Gustie,Opie,gopieg9@merriam-webster.com,Polygender
Winifield,De Bischof,wdebischofga@zdnet.com,Genderqueer
Viva,Hadrill,vhadrillgb@hao123.com,Male
Siana,Rysom,srysomgc@washington.edu,Polygender
Sindee,Deller,sdellergd@timesonline.co.uk,Male
Niccolo,Pillans,npillansge@eepurl.com,Female
Cristy,Vedyashkin,cvedyashkingf@clickbank.net,Agender
Haily,Dudenie,hdudeniegg@sogou.com,Non-binary
Luella,Skade,lskadegh@example.com,Bigender
Estrella,Pautot,epautotgi@nsw.gov.au,Polygender
Alexine,Parkhouse,aparkhousegj@si.edu,Male
Hermione,Windous,hwindousgk@discovery.com,Bigender
Jsandye,Tredwell,jtredwellgl@craigslist.org,Non-binary
Candy,Barajas,cbarajasgm@youtube.com,Male
Joellen,Bitchener,jbitchenergn@yahoo.com,Agender
Jenni,Renwick,jrenwickgo@xing.com,Agender
Calv,Wanley,cwanleygp@mashable.com,Female
Briggs,Tourner,btournergq@de.vu,Female
Adela,Clemente,aclementegr@4shared.com,Non-binary
Kellina,Stocky,kstockygs@squarespace.com,Male
Caspar,Walker,cwalkergt@ustream.tv,Genderqueer
Trey,Hollingsbee,thollingsbeegu@multiply.com,Genderqueer
Portia,Kilbee,pkilbeegv@examiner.com,Non-binary
Hedy,MacGhee,hmacgheegw@creativecommons.org,Non-binary
Dave,Kippie,dkippiegx@networksolutions.com,Genderfluid
Barbaraanne,Tythacott,btythacottgy@unesco.org,Agender
Hurley,Spaduzza,hspaduzzagz@businesswire.com,Polygender
Rhianon,Brafield,rbrafieldh0@fotki.com,Non-binary
Manolo,Smewing,msmewingh1@earthlink.net,Non-binary
Domenic,Halversen,dhalversenh2@narod.ru,Female
Jasmine,Dumsday,jdumsdayh3@springer.com,Bigender
Daveta,Bullen,dbullenh4@technorati.com,Agender
Kimberly,Cicchetto,kcicchettoh5@addthis.com,Agender
Peadar,Boase,pboaseh6@earthlink.net,Agender
Mia,Longstaff,mlongstaffh7@xrea.com,Agender
Chrissie,O'Henery,coheneryh8@shareasale.com,Bigender
Georgiana,Masdin,gmasdinh9@weibo.com,Genderqueer
Tammi,Hubbart,thubbartha@usa.gov,Bigender
Beryl,Crosoer,bcrosoerhb@unc.edu,Bigender
Iolande,Kelwick,ikelwickhc@cdbaby.com,Polygender
Leena,Stiller,lstillerhd@craigslist.org,Polygender
Tades,Elstone,telstonehe@oracle.com,Non-binary
Terrence,Geraudel,tgeraudelhf@discuz.net,Female
Colene,Hogsden,chogsdenhg@live.com,Genderfluid
Bamby,Guidini,bguidinihh@cornell.edu,Genderqueer
Ward,Bulstrode,wbulstrodehi@google.com.au,Polygender
Humfried,Gelardi,hgelardihj@cnn.com,Female
Myrle,Heinert,mheinerthk@nydailynews.com,Agender
Maddy,Doran,mdoranhl@cocolog-nifty.com,Genderfluid
Monah,Slewcock,mslewcockhm@europa.eu,Genderfluid
Brinna,Getcliff,bgetcliffhn@uol.com.br,Male
Lola,Jeaves,ljeavesho@bloglines.com,Bigender
Sayre,Coulter,scoulterhp@ca.gov,Male
Gaye,Berntssen,gberntssenhq@nytimes.com,Genderfluid
Sarine,D'Arrigo,sdarrigohr@4shared.com,Agender
Abbey,Chenery,acheneryhs@digg.com,Non-binary
Jodee,Whannel,jwhannelht@nydailynews.com,Female
Duke,Zywicki,dzywickihu@wiley.com,Bigender
Cecilla,Chopping,cchoppinghv@netscape.com,Genderfluid
Heida,Sexcey,hsexceyhw@purevolume.com,Agender
Elsworth,Sanja,esanjahx@slate.com,Agender
Rivkah,Paddell,rpaddellhy@networksolutions.com,Polygender
Shawn,Pargeter,spargeterhz@goodreads.com,Genderqueer
Quinta,Pulhoster,qpulhosteri0@1688.com,Bigender
Willie,Ginnane,wginnanei1@dyndns.org,Female
Nettle,Keppel,nkeppeli2@ocn.ne.jp,Polygender
Kaitlin,Maddocks,kmaddocksi3@reuters.com,Genderqueer
Hal,Marden,hmardeni4@g.co,Genderfluid
Pen,Wass,pwassi5@cornell.edu,Polygender
Farrah,Heinonen,fheinoneni6@nasa.gov,Genderfluid
Kristofer,Yurchishin,kyurchishini7@wix.com,Genderqueer
Sherilyn,Holberry,sholberryi8@ning.com,Genderqueer
Sidoney,Koubu,skoubui9@myspace.com,Male
Gardiner,Stobbes,gstobbesia@pbs.org,Non-binary
Dorise,Mitchley,dmitchleyib@last.fm,Non-binary
Vikky,Immings,vimmingsic@github.com,Genderfluid
Erna,Dilliston,edillistonid@i2i.jp,Genderqueer
Calla,Denham,cdenhamie@goo.ne.jp,Polygender
Curry,McGourty,cmcgourtyif@springer.com,Non-binary
Gertrude,Hanley,ghanleyig@youku.com,Non-binary
Tiebold,Dauney,tdauneyih@ed.gov,Polygender
Jamey,Brothers,jbrothersii@issuu.com,Polygender
Pamela,Sinclar,psinclarij@bizjournals.com,Genderqueer
Hershel,Moakler,hmoaklerik@youtu.be,Genderqueer
Rutger,Scopes,rscopesil@cdc.gov,Bigender
Katrine,Charge,kchargeim@usnews.com,Male
Silvanus,Mathewes,smathewesin@adobe.com,Genderqueer
Trista,Marielle,tmarielleio@weibo.com,Female
Micki,Eisig,meisigip@netscape.com,Female
Rosella,Yanele,ryaneleiq@wisc.edu,Non-binary
Maurise,Itscowics,mitscowicsir@ning.com,Male
Aurel,Wingrove,awingroveis@comsenz.com,Polygender
Gavan,Eagland,geaglandit@go.com,Genderfluid
Albertina,Cordelle,acordelleiu@google.ca,Genderfluid
Alyson,Leads,aleadsiv@hc360.com,Polygender
Lind,Lupson,llupsoniw@omniture.com,Polygender
Trudi,Flahy,tflahyix@soundcloud.com,Genderqueer
Gil,Lattin,glattiniy@usa.gov,Bigender
Isadore,Chiplin,ichipliniz@google.nl,Bigender
Oliy,Takis,otakisj0@youku.com,Genderqueer
Georgianna,Armin,garminj1@sciencedirect.com,Polygender
Cchaddie,Snawden,csnawdenj2@cornell.edu,Polygender
Raoul,Tanguy,rtanguyj3@theatlantic.com,Bigender
Isadora,Broadnicke,ibroadnickej4@gmpg.org,Genderfluid
Damien,Beams,dbeamsj5@ebay.co.uk,Genderqueer
Fredi,Darmody,fdarmodyj6@dropbox.com,Genderqueer
Maryjane,Dunstone,mdunstonej7@cbslocal.com,Polygender
Timmie,Whylie,twhyliej8@opensource.org,Genderqueer
Euphemia,Rhoades,erhoadesj9@nationalgeographic.com,Genderqueer
Dyna,Yanov,dyanovja@unc.edu,Bigender
Masha,Levane,mlevanejb@feedburner.com,Genderfluid
Von,Gudger,vgudgerjc@smugmug.com,Female
Mei,Drissell,mdrisselljd@123-reg.co.uk,Genderfluid
Andeee,Danes,adanesje@addtoany.com,Polygender
Rosanna,D'Alesio,rdalesiojf@ftc.gov,Genderqueer
Emelen,Danter,edanterjg@de.vu,Bigender
Corbett,Twiggins,ctwigginsjh@sitemeter.com,Female
Oswell,Krzyzanowski,okrzyzanowskiji@google.co.jp,Polygender
Ardelis,Petrushanko,apetrushankojj@pinterest.com,Bigender
Waldo,Valenti,wvalentijk@spotify.com,Polygender
Lezley,Huitt,lhuittjl@usa.gov,Bigender
Frederique,Golagley,fgolagleyjm@bandcamp.com,Male
Avram,Hopewell,ahopewelljn@noaa.gov,Female
Hall,Local,hlocaljo@sciencedaily.com,Non-binary
Gordy,Berre,gberrejp@wp.com,Polygender
Donica,Riatt,driattjq@friendfeed.com,Bigender
Berri,Stucke,bstuckejr@intel.com,Female
Mavis,Kleynermans,mkleynermansjs@bigcartel.com,Male
Renata,Deex,rdeexjt@squidoo.com,Genderqueer
Katrinka,Bucham,kbuchamju@spiegel.de,Genderqueer
Lombard,Novak,lnovakjv@twitter.com,Male
Nealson,Fronzek,nfronzekjw@howstuffworks.com,Non-binary
Lennie,Shelvey,lshelveyjx@dot.gov,Bigender
Kaitlin,Harbison,kharbisonjy@ed.gov,Non-binary
Bartie,Camilletti,bcamillettijz@goo.ne.jp,Bigender
Chryste,Jankovic,cjankovick0@over-blog.com,Bigender
Jervis,Haslam,jhaslamk1@adobe.com,Polygender
Brena,O'Fallowne,bofallownek2@domainmarket.com,Female
Katrina,Drinkall,kdrinkallk3@uol.com.br,Agender
Dolores,Merigeau,dmerigeauk4@gov.uk,Male
Ludwig,Pittaway,lpittawayk5@ask.com,Non-binary
Renado,Durnian,rdurniank6@instagram.com,Agender
Bayard,McCrohon,bmccrohonk7@weebly.com,Genderqueer
Rhonda,Windless,rwindlessk8@ycombinator.com,Agender
Licha,Paddell,lpaddellk9@tiny.cc,Male
Benni,Siaspinski,bsiaspinskika@weebly.com,Bigender
Danila,Alliot,dalliotkb@state.gov,Female
Teresina,Menichillo,tmenichillokc@oaic.gov.au,Non-binary
Jackie,Ganing,jganingkd@networkadvertising.org,Bigender
Rebekah,Olivera,roliverake@ustream.tv,Genderfluid
Peter,Greetland,pgreetlandkf@microsoft.com,Male
Devi,Thalmann,dthalmannkg@people.com.cn,Female
Shurlocke,Urridge,surridgekh@squarespace.com,Genderqueer
Cchaddie,Keiley,ckeileyki@ihg.com,Female
Crystie,Fuzzens,cfuzzenskj@census.gov,Polygender
Luciano,Hebblewaite,lhebblewaitekk@facebook.com,Male
Alonzo,Maciocia,amaciociakl@soup.io,Female
Richart,Scholler,rschollerkm@sitemeter.com,Bigender
Codie,Bugs,cbugskn@furl.net,Non-binary
Chlo,Phelip,cphelipko@gravatar.com,Agender
Avictor,Guyon,aguyonkp@weibo.com,Agender
Christophe,Giacubo,cgiacubokq@theatlantic.com,Female
Gussy,Hardstaff,ghardstaffkr@springer.com,Male
Madelyn,Cabrer,mcabrerks@merriam-webster.com,Agender
Angie,Maiden,amaidenkt@stumbleupon.com,Female
Camille,Oglesbee,coglesbeeku@aol.com,Polygender
Phineas,Cuerda,pcuerdakv@google.cn,Polygender
Ado,Verey,avereykw@rakuten.co.jp,Polygender
Darelle,Giron,dgironkx@webs.com,Male
Lacie,Guidelli,lguidelliky@opensource.org,Genderqueer
Lyn,Fulks,lfulkskz@pen.io,Polygender
Ludvig,Benediktsson,lbenediktssonl0@gizmodo.com,Genderqueer
Ruthanne,Rastrick,rrastrickl1@printfriendly.com,Non-binary
Jandy,Pallant,jpallantl2@squarespace.com,Bigender
Ethelred,Benedtti,ebenedttil3@dyndns.org,Male
Goldi,Lobley,globleyl4@jugem.jp,Polygender
Benji,Tootal,btootall5@hc360.com,Genderfluid
Emelda,Tuther,etutherl6@google.cn,Genderqueer
Cathyleen,Sedgwick,csedgwickl7@slashdot.org,Agender
Tabitha,Playfair,tplayfairl8@google.ca,Bigender
Linn,Bluett,lbluettl9@nifty.com,Non-binary
Lyndel,Bigglestone,lbigglestonela@typepad.com,Non-binary
Corrie,Gallen,cgallenlb@census.gov,Male
Roderigo,Baraja,rbarajalc@google.co.jp,Agender
Minerva,Probyn,mprobynld@paginegialle.it,Male
Dot,Dacca,ddaccale@macromedia.com,Agender
Lamond,Rackstraw,lrackstrawlf@netlog.com,Genderqueer
Janean,Cluet,jcluetlg@sciencedirect.com,Male
Gustavus,Coll,gcolllh@usda.gov,Genderqueer
Deedee,Castellet,dcastelletli@blogger.com,Male
Nappie,Bowen,nbowenlj@dailymotion.com,Agender
Carlynne,Jantzen,cjantzenlk@surveymonkey.com,Genderfluid
Edithe,Normandale,enormandalell@google.ru,Agender
Jeremie,Exposito,jexpositolm@ed.gov,Genderqueer
Belvia,Guerreru,bguerreruln@redcross.org,Polygender
Raina,Treharne,rtreharnelo@netlog.com,Agender
Robinet,Findlay,rfindlaylp@tmall.com,Male
Gareth,Jardein,gjardeinlq@addthis.com,Non-binary
Lita,Dykes,ldykeslr@fc2.com,Female
Fawn,Presshaugh,fpresshaughls@cargocollective.com,Male
Loutitia,Bartusek,lbartuseklt@sciencedirect.com,Non-binary
Austin,Mauditt,amaudittlu@i2i.jp,Agender
Bev,Menham,bmenhamlv@ucoz.ru,Genderqueer
Alison,Georgel,ageorgellw@sitemeter.com,Non-binary
Elsinore,Grahamslaw,egrahamslawlx@noaa.gov,Female
Loren,Da Costa,ldacostaly@buzzfeed.com,Female
Tate,Cuddy,tcuddylz@typepad.com,Agender
Hali,Brownsett,hbrownsettm0@guardian.co.uk,Female
Berkley,Freeburn,bfreeburnm1@vk.com,Non-binary
Marjory,Binnes,mbinnesm2@dailymotion.com,Male
Edi,Piper,epiperm3@techcrunch.com,Genderqueer
Chiquita,Bachelar,cbachelarm4@baidu.com,Male
Tabby,Chaman,tchamanm5@taobao.com,Agender
Nonie,Coplestone,ncoplestonem6@cargocollective.com,Genderfluid
Angy,Coltart,acoltartm7@theglobeandmail.com,Genderfluid
Daloris,Solleme,dsollemem8@networksolutions.com,Female
Amity,Bithany,abithanym9@t-online.de,Genderqueer
Janeczka,Burke,jburkema@printfriendly.com,Bigender
Rolf,Rosin,rrosinmb@miibeian.gov.cn,Polygender
Berkie,Allmark,ballmarkmc@yellowbook.com,Non-binary
Helene,Breakwell,hbreakwellmd@tinypic.com,Male
Myca,Buntin,mbuntinme@pcworld.com,Non-binary
Rod,Lowmass,rlowmassmf@phpbb.com,Agender
Benny,Tooting,btootingmg@over-blog.com,Non-binary
Nevsa,Marvell,nmarvellmh@over-blog.com,Male
Dennet,Giacubbo,dgiacubbomi@dmoz.org,Genderqueer
Patrice,Frankling,pfranklingmj@cyberchimps.com,Male
Lib,Munday,lmundaymk@hao123.com,Genderfluid
Maribel,Rosenfield,mrosenfieldml@discovery.com,Non-binary
Bonny,De Stoop,bdestoopmm@purevolume.com,Female
Carling,Freer,cfreermn@google.ca,Genderqueer
Jarred,Greatbank,jgreatbankmo@ebay.co.uk,Non-binary
Stacey,Cosgrive,scosgrivemp@paginegialle.it,Genderqueer
Charla,Olorenshaw,colorenshawmq@plala.or.jp,Non-binary
Aldrich,Crackett,acrackettmr@weather.com,Bigender
Lynnette,Klejna,lklejnams@diigo.com,Polygender
Salomo,St Leger,sstlegermt@opensource.org,Genderfluid
Purcell,Loosemore,ploosemoremu@time.com,Polygender
Lilian,Bacup,lbacupmv@blogtalkradio.com,Male
Jeffie,Pomfret,jpomfretmw@engadget.com,Female
Myrilla,Joynes,mjoynesmx@networksolutions.com,Female
Constantina,Belliard,cbelliardmy@live.com,Bigender
Clerkclaude,Bexley,cbexleymz@netscape.com,Genderfluid
Warner,Brooksby,wbrooksbyn0@e-recht24.de,Polygender
Erma,Gowers,egowersn1@cnbc.com,Non-binary
Marje,Camidge,mcamidgen2@state.gov,Female
Aloise,Schwier,aschwiern3@opensource.org,Agender
Elset,Schwartz,eschwartzn4@slashdot.org,Agender
Padgett,Piddock,ppiddockn5@constantcontact.com,Non-binary
Shirlene,Attwell,sattwelln6@dmoz.org,Genderqueer
Eddie,Housiaux,ehousiauxn7@nytimes.com,Agender
Yalonda,Huggons,yhuggonsn8@163.com,Agender
Leonanie,Badini,lbadinin9@newsvine.com,Non-binary
Bentlee,Asey,baseyna@redcross.org,Male
Gertrudis,Akess,gakessnb@bloglines.com,Genderfluid
Sayre,Ilbert,silbertnc@hp.com,Polygender
Saunderson,Coulthard,scoulthardnd@google.ca,Genderfluid
Kippy,Chirm,kchirmne@bloglines.com,Genderqueer
Camilla,Welch,cwelchnf@theguardian.com,Agender
Baron,Bethune,bbethuneng@ning.com,Genderqueer
Marielle,Moryson,mmorysonnh@reddit.com,Polygender
Demetria,Keep,dkeepni@mlb.com,Genderqueer
Grenville,Arkin,garkinnj@sbwire.com,Bigender
Farrell,Rous,frousnk@google.co.uk,Bigender
Sydelle,Fontelles,sfontellesnl@va.gov,Female
Barbie,Josefson,bjosefsonnm@hud.gov,Male
Marcelo,Tomaselli,mtomasellinn@disqus.com,Non-binary
Crissie,Jull,cjullno@artisteer.com,Genderqueer
Malynda,Dirr,mdirrnp@goo.ne.jp,Non-binary
Sherwin,Chatain,schatainnq@live.com,Non-binary
Emili,Antonias,eantoniasnr@cloudflare.com,Female
Kevin,Garlic,kgarlicns@reverbnation.com,Female
Webster,Senussi,wsenussint@yahoo.com,Agender
Basilius,Lindenboim,blindenboimnu@goo.gl,Genderfluid
Joyce,Aubray,jaubraynv@nba.com,Genderqueer
Rupert,Lomansey,rlomanseynw@is.gd,Female
Ignaz,McPhelimey,imcphelimeynx@hc360.com,Agender
Rees,McAviy,rmcaviyny@google.de,Bigender
Dorris,Bidder,dbiddernz@hp.com,Polygender
Amii,Calder,acaldero0@51.la,Male
Corina,MacRory,cmacroryo1@independent.co.uk,Agender
Vivianne,Scholz,vscholzo2@paypal.com,Female
Martie,Marcone,mmarconeo3@topsy.com,Agender
Susie,Mighele,smigheleo4@chicagotribune.com,Bigender
Jacklyn,Hilbourne,jhilbourneo5@amazonaws.com,Bigender
Ninnette,Barbrook,nbarbrooko6@jigsy.com,Non-binary
Doris,Saffran,dsaffrano7@yahoo.com,Female
Teddie,Mellows,tmellowso8@booking.com,Agender
Rafaelia,Cowill,rcowillo9@1688.com,Polygender
Byrle,Dumberrill,bdumberrilloa@bizjournals.com,Male
Neville,Grzegorecki,ngrzegoreckiob@bing.com,Polygender
Zarah,Ring,zringoc@1688.com,Male
Noelle,MacAllan,nmacallanod@answers.com,Polygender
Elysee,Chelsom,echelsomoe@gmpg.org,Genderqueer
Eleonora,Estick,eestickof@ovh.net,Bigender
Tremaine,Otter,totterog@pen.io,Female
Randal,Doone,rdooneoh@bbb.org,Male
Wynne,Yarrington,wyarringtonoi@parallels.com,Polygender
Riki,Hancorn,rhancornoj@shutterfly.com,Agender
Bogart,Tulley,btulleyok@oakley.com,Non-binary
Em,Le-Good,elegoodol@uiuc.edu,Male
Garwin,Baskeyfield,gbaskeyfieldom@mysql.com,Genderqueer
Meier,Wilkowski,mwilkowskion@gov.uk,Bigender
Orrin,Swyre,oswyreoo@tripod.com,Female
Courtnay,Roomes,croomesop@vk.com,Male
Rosamund,Bloomfield,rbloomfieldoq@free.fr,Bigender
Shari,Richie,srichieor@lycos.com,Genderqueer
Meridith,Whetnall,mwhetnallos@webs.com,Genderfluid
Bibi,Lippi,blippiot@storify.com,Agender
Erny,Faustian,efaustianou@friendfeed.com,Genderfluid
Chaim,Antonietti,cantoniettiov@businesswire.com,Genderfluid
Beaufort,Bassham,bbasshamow@ask.com,Female
Anatollo,Shugg,ashuggox@miitbeian.gov.cn,Genderfluid
Kasper,Hartfleet,khartfleetoy@chronoengine.com,Agender
Merell,O'Growgane,mogrowganeoz@jimdo.com,Female
Jorge,Ferruzzi,jferruzzip0@phoca.cz,Genderqueer
Babs,Farmloe,bfarmloep1@vimeo.com,Polygender
Raff,Dugald,rdugaldp2@addtoany.com,Non-binary
Sondra,Pherps,spherpsp3@pinterest.com,Polygender
Gertrud,Llewellen,gllewellenp4@auda.org.au,Genderfluid
Elwood,Reihill,ereihillp5@netlog.com,Female
Renato,Measen,rmeasenp6@state.gov,Agender
Mahala,Butler,mbutlerp7@tuttocitta.it,Bigender
Crissy,Sawyer,csawyerp8@ocn.ne.jp,Male
Bernardine,Kemwall,bkemwallp9@guardian.co.uk,Male
Lay,Lindsley,llindsleypa@state.tx.us,Bigender
Lynne,Sorsby,lsorsbypb@yellowbook.com,Genderqueer
Shepard,Oldland,soldlandpc@discuz.net,Genderfluid
Aldwin,Stotherfield,astotherfieldpd@google.com.hk,Male
Shayne,Willimott,swillimottpe@microsoft.com,Genderqueer
Virge,Ammer,vammerpf@cornell.edu,Genderfluid
Hirsch,Gammel,hgammelpg@ucoz.ru,Genderqueer
Margie,Rayment,mraymentph@ocn.ne.jp,Male
Sigfrid,Ollie,solliepi@infoseek.co.jp,Male
Gearalt,Peres,gperespj@facebook.com,Genderqueer
Stavro,Riding,sridingpk@netscape.com,Non-binary
Vicki,Beecraft,vbeecraftpl@whitehouse.gov,Polygender
Dasya,Wrack,dwrackpm@eepurl.com,Genderfluid
Gerri,Baudins,gbaudinspn@earthlink.net,Male
Isidor,MacArthur,imacarthurpo@umn.edu,Male
Carolee,Govey,cgoveypp@discuz.net,Polygender
Stella,Raine,srainepq@google.com.au,Genderfluid
Rickert,Gater,rgaterpr@dot.gov,Genderfluid
Ward,Sunter,wsunterps@reddit.com,Female
Lenore,Maypowder,lmaypowderpt@forbes.com,Male
Winifield,Brock,wbrockpu@boston.com,Bigender
Fernandina,Nind,fnindpv@odnoklassniki.ru,Polygender
Sholom,Ilyushkin,silyushkinpw@reverbnation.com,Genderqueer
Colline,Gadsby,cgadsbypx@auda.org.au,Agender
Lay,Hurrell,lhurrellpy@umn.edu,Male
Gizela,Greenhalf,ggreenhalfpz@blogspot.com,Genderfluid
Zsa zsa,Gantz,zgantzq0@gov.uk,Bigender
Koressa,Aberdalgy,kaberdalgyq1@youku.com,Polygender
Arlette,Baert,abaertq2@ft.com,Agender
Nert,Hullock,nhullockq3@people.com.cn,Polygender
Elke,Attwood,eattwoodq4@google.com.hk,Non-binary
Lorie,Ancell,lancellq5@facebook.com,Genderqueer
Wernher,Badsworth,wbadsworthq6@nydailynews.com,Agender
Flem,Myerscough,fmyerscoughq7@myspace.com,Female
Nerita,Leebetter,nleebetterq8@barnesandnoble.com,Genderqueer
Edan,Gallatly,egallatlyq9@elegantthemes.com,Bigender
Tommy,Mebes,tmebesqa@topsy.com,Agender
Gawen,English,genglishqb@zimbio.com,Genderfluid
Willis,Sinfield,wsinfieldqc@icio.us,Male
Lou,O'Feeny,lofeenyqd@trellian.com,Female
Lynnet,Dalli,ldalliqe@engadget.com,Male
Yolane,Chimes,ychimesqf@paypal.com,Polygender
Dan,Wesker,dweskerqg@wix.com,Polygender
Torie,Hodgen,thodgenqh@arstechnica.com,Genderfluid
Ainslie,Danbi,adanbiqi@sfgate.com,Non-binary
Myriam,Rickardsson,mrickardssonqj@aol.com,Non-binary
Eda,Moller,emollerqk@over-blog.com,Agender
Anders,Eddy,aeddyql@dot.gov,Bigender
Josiah,Gresch,jgreschqm@artisteer.com,Agender
Marni,Uren,murenqn@icio.us,Genderfluid
Koren,Nuton,knutonqo@amazon.com,Female
Pru,Andell,pandellqp@cocolog-nifty.com,Non-binary
Kathryne,Donan,kdonanqq@columbia.edu,Genderfluid
Del,Augie,daugieqr@sina.com.cn,Bigender
Vite,Bussens,vbussensqs@furl.net,Polygender
Derrick,Louthe,dloutheqt@stanford.edu,Agender
Elie,Gristock,egristockqu@economist.com,Male
Jacynth,Tallis,jtallisqv@deviantart.com,Non-binary
Camile,Baudry,cbaudryqw@amazon.com,Female
Murdock,Bulger,mbulgerqx@simplemachines.org,Bigender
Ashly,Whooley,awhooleyqy@netscape.com,Bigender
Doll,Dana,ddanaqz@tripod.com,Non-binary
Carmina,Jankovsky,cjankovskyr0@telegraph.co.uk,Female
Viki,Simmgen,vsimmgenr1@washingtonpost.com,Agender
Caleb,Barrasse,cbarrasser2@guardian.co.uk,Polygender
Aldous,Salvidge,asalvidger3@google.cn,Genderqueer
Adele,Scahill,ascahillr4@macromedia.com,Female
Aloise,Alway,aalwayr5@ustream.tv,Agender
Tasha,Devereux,tdevereuxr6@berkeley.edu,Male
Phoebe,Greenhill,pgreenhillr7@youku.com,Genderqueer
Hilda,Berndtsson,hberndtssonr8@domainmarket.com,Polygender
Allis,Adamsky,aadamskyr9@amazon.de,Genderqueer
Francois,Paulat,fpaulatra@devhub.com,Polygender
Dita,Skatcher,dskatcherrb@fda.gov,Bigender
Harley,Acory,hacoryrc@typepad.com,Bigender
Markus,Hove,mhoverd@netlog.com,Bigender
Elton,Nashe,enashere@sphinn.com,Agender
Symon,Date,sdaterf@businessweek.com,Genderfluid
Lucila,McGougan,lmcgouganrg@pen.io,Female
Janel,Killock,jkillockrh@miitbeian.gov.cn,Polygender
Rolfe,Dowthwaite,rdowthwaiteri@free.fr,Male
Albina,Woolward,awoolwardrj@skype.com,Female
Daile,Konzelmann,dkonzelmannrk@walmart.com,Male
Devina,Rudall,drudallrl@yellowbook.com,Polygender
Andre,Mioni,amionirm@wp.com,Agender
Edyth,Newbold,enewboldrn@hostgator.com,Male
Thornie,McClory,tmccloryro@wikia.com,Male
Eli,McGown,emcgownrp@theglobeandmail.com,Male
Mordy,Gilding,mgildingrq@npr.org,Agender
Petrina,Kulic,pkulicrr@xinhuanet.com,Polygender
